-- phpMyAdmin SQL Dump
-- version 5.2.0
-- https://www.phpmyadmin.net/
--
-- Host: 127.0.0.1
-- Generation Time: Nov 23, 2022 at 09:22 AM
-- Server version: 10.4.24-MariaDB
-- PHP Version: 8.1.6

SET SQL_MODE = "NO_AUTO_VALUE_ON_ZERO";
START TRANSACTION;
SET time_zone = "+00:00";


/*!40101 SET @OLD_CHARACTER_SET_CLIENT=@@CHARACTER_SET_CLIENT */;
/*!40101 SET @OLD_CHARACTER_SET_RESULTS=@@CHARACTER_SET_RESULTS */;
/*!40101 SET @OLD_COLLATION_CONNECTION=@@COLLATION_CONNECTION */;
/*!40101 SET NAMES utf8mb4 */;

--
-- Database: `shop`
--

-- --------------------------------------------------------

--
-- Table structure for table `account`
--

CREATE TABLE `account` (
  `username` varchar(20) CHARACTER SET utf8mb4 NOT NULL,
  `password` varchar(20) CHARACTER SET utf8mb4 NOT NULL,
  `รหัสลูกค้า` varchar(20) CHARACTER SET utf8mb4 NOT NULL
) ENGINE=InnoDB DEFAULT CHARSET=utf8;

--
-- Dumping data for table `account`
--

INSERT INTO `account` (`username`, `password`, `รหัสลูกค้า`) VALUES
('cream', '957609', 'COS02'),
('mayojin', '123456', 'COS01'),
('rainy', '987654', 'COS03');

-- --------------------------------------------------------

--
-- Table structure for table `account_employee`
--

CREATE TABLE `account_employee` (
  `username_emp` varchar(50) CHARACTER SET utf8mb4 COLLATE utf8mb4_unicode_ci NOT NULL,
  `password` varchar(20) CHARACTER SET utf8mb4 COLLATE utf8mb4_unicode_ci NOT NULL,
  `รหัสพนักงาน` varchar(20) CHARACTER SET utf8mb4 COLLATE utf8mb4_unicode_ci NOT NULL
) ENGINE=InnoDB DEFAULT CHARSET=utf8;

--
-- Dumping data for table `account_employee`
--

INSERT INTO `account_employee` (`username_emp`, `password`, `รหัสพนักงาน`) VALUES
('Butterfly', '9057432', 'ST104'),
('Kanunnoey', '4907741', 'ST102'),
('meenanud', '6588412', 'ST101'),
('Somsukdena', '03852553', 'ST103');

-- --------------------------------------------------------

--
-- Table structure for table `category`
--

CREATE TABLE `category` (
  `รหัสประเภทสินค้า` varchar(20) CHARACTER SET utf8mb4 NOT NULL,
  `ชื่อประเภทสินค้า` varchar(200) CHARACTER SET utf8mb4 NOT NULL
) ENGINE=InnoDB DEFAULT CHARSET=utf8;

--
-- Dumping data for table `category`
--

INSERT INTO `category` (`รหัสประเภทสินค้า`, `ชื่อประเภทสินค้า`) VALUES
('BL', 'พาเล็ตต'),
('BO', 'บลัชออน'),
('LS', 'ลิปสติก'),
('SK', 'สกินแคร์'),
('TN', 'อุปกรณ์แต่งหน้า');

-- --------------------------------------------------------

--
-- Table structure for table `customer`
--

CREATE TABLE `customer` (
  `รหัสลูกค้า` varchar(20) CHARACTER SET utf8mb4 NOT NULL,
  `ชื่อ-นามสกุล` varchar(20) CHARACTER SET utf8mb4 NOT NULL,
  `เบอร์` varchar(20) CHARACTER SET utf8mb4 NOT NULL,
  `อีเมล์` varchar(500) NOT NULL,
  `ที่อยู่` varchar(1000) NOT NULL
) ENGINE=InnoDB DEFAULT CHARSET=utf8;

--
-- Dumping data for table `customer`
--

INSERT INTO `customer` (`รหัสลูกค้า`, `ชื่อ-นามสกุล`, `เบอร์`, `อีเมล์`, `ที่อยู่`) VALUES
('COS01', 'เมธาวี ลวนะลาภานนท์', '0800000123', 'matawee@email.com', 'บ้านเลขที่ 12/8 ถนนพหลโยธิน ตําบลสายไหม อำเภอเมือง จังหวัดกรุงเทพมหานคร รหัสไปรษณีย์ 12940'),
('COS02', 'ธนาภา ธาดาสีห์', '0800000321', 'thanapa@gmail.com', 'บ้านเลขที่ 36/9 ถนน กาญจนาภิเษก ตําบลบางม่วง อําเภอเมือง จังหวัด นนทบุรี รหัสไปรษณีย์ 11111'),
('COS03', 'ธนารีย์ บริบูรณ์หิรั', '0800000867', 'thanaree@gmail.com', 'บ้านเลขที่ 100/1 ถนน กัลปพฤกษ์ ตําบลบางนา อําเภอเมือง  จังหวัดกรุงเทพมหานคร รหัสไปรษณีย์ 24567');

-- --------------------------------------------------------

--
-- Table structure for table `deliverycompany`
--

CREATE TABLE `deliverycompany` (
  `รหัสบริษัท` varchar(50) NOT NULL,
  `บริษัทจัดส่ง` varchar(100) NOT NULL
) ENGINE=InnoDB DEFAULT CHARSET=utf8mb4;

--
-- Dumping data for table `deliverycompany`
--

INSERT INTO `deliverycompany` (`รหัสบริษัท`, `บริษัทจัดส่ง`) VALUES
('T01', 'ninja cat'),
('T02', 'HDL express express'),
('T03', 'Flash express'),
('T04', 'J&T expess'),
('T05', 'thailand post'),
('T06', 'Kerry express');

-- --------------------------------------------------------

--
-- Table structure for table `member`
--

CREATE TABLE `member` (
  `username` varchar(50) NOT NULL,
  `name` varchar(100) NOT NULL,
  `password` varchar(30) NOT NULL,
  `email` varchar(100) NOT NULL,
  `phone` varchar(10) NOT NULL,
  `address` varchar(300) NOT NULL
) ENGINE=InnoDB DEFAULT CHARSET=utf8mb4;

--
-- Dumping data for table `member`
--

INSERT INTO `member` (`username`, `name`, `password`, `email`, `phone`, `address`) VALUES
('ZECHI', 'gift', '180801', 'gift@gmail.com', '0873453448', '134/11หมู่4ตำบลคูคตอำเภอลำลูกกาจังหวัดปทุมธานี12130'),
('mayojin', 'may', '1234', 'zeramaple@gmail.com', '0897867141', '134/11หมู่4ตำบลคูคตอำเภอลำลูกกาจังหวัดปทุมธานี12130'),
('cream', 'creaming', '555', 'zeramaple@gmail.com', '0897867141', '134/11หมู่4ตำบลคูคตอำเภอลำลูกกาจังหวัดปทุมธานี12130'),
('', '', '', '', '', ''),
('sunchince', 'ซันชาย  สุขสงบ', '1234', 'sunna23@gmail.com', '0929251222', '10210 ถ.บางประอิน นครสวรรค์'),
('rainy', 'rain', '3579', 'rainy55@gmail.com', '0887765544', '45/1 หมู่9 ตำบลประชาธิปัตย์ อำเภอธัญบุรี จังหวัดปทุมธานี');

-- --------------------------------------------------------

--
-- Table structure for table `order`
--

CREATE TABLE `order` (
  `เลขออเดอร์` int(5) UNSIGNED ZEROFILL NOT NULL,
  `วันที่` date NOT NULL DEFAULT current_timestamp(),
  `เวลา` time DEFAULT current_timestamp(),
  `สถานะการชําระเงิน` varchar(20) NOT NULL,
  `รวมจำนวนเงิน` longtext NOT NULL,
  `Username` varchar(20) CHARACTER SET utf8mb4 NOT NULL,
  `Slip_img` varchar(200) NOT NULL
) ENGINE=InnoDB DEFAULT CHARSET=utf8;

--
-- Dumping data for table `order`
--

INSERT INTO `order` (`เลขออเดอร์`, `วันที่`, `เวลา`, `สถานะการชําระเงิน`, `รวมจำนวนเงิน`, `Username`, `Slip_img`) VALUES
(00001, '2022-09-13', '00:00:19', 'สำเร็จ', '300', 'mayojin', 'xsfst1234asdcs.jpeg'),
(00002, '2022-09-15', '00:00:20', 'รอดำเนินการ', '1250', 'mayojin', ''),
(00003, '2022-09-24', '12:20:00', 'สำเร็จ', '396', 'rainy', 'o78y0v.jpeg'),
(00004, '2022-09-25', '16:20:00', 'สำเร็จ', '99', 'cream', '98iifj.jpeg'),
(00046, '2022-09-25', '23:23:17', 'สำเร็จ', '1380', 'mayojin', '98yprsyi5.jpeg'),
(00047, '2022-10-27', '23:23:17', 'รอดำเนินการ', '1380', 'mayojin', ''),
(00048, '2022-10-25', '23:26:22', 'รอดำเนินการ', '1290', 'creamn', ''),
(00049, '2022-10-27', '23:28:12', 'รอดำเนินการ', '210', 'mayojin', ''),
(00058, '2022-11-16', '22:43:16', 'สำเร็จ', '690', 'mayojin', 'ojr795suhe.jpeg'),
(00069, '2022-11-16', '11:21:33', 'สำเร็จ', '442', 'sunchince\n', 'at84h80.jpeg'),
(00070, '2022-11-16', '11:45:35', 'รอดำเนินการ', '198', 'rainy', ''),
(00071, '2022-11-16', '14:13:14', 'รอดำเนินการ', '2580', 'rainy', ''),
(00072, '2022-11-16', '14:37:16', 'สำเร็จ', '330', 'sunchince\n', '98iifj.jpeg'),
(00073, '2022-11-16', '15:23:10', 'รอดำเนินการ', '7689', 'rainy', ''),
(00074, '2022-11-16', '16:15:01', 'รอดำเนินการ', '370', 'sunchince\n', ''),
(00075, '2022-11-18', '13:56:52', 'สำเร็จ', '2739', 'cream', '7i8905h.jpeg'),
(00081, '2022-11-19', '19:57:06', 'รอดำเนินการ', '789', 'mayojin', ''),
(00082, '2022-11-19', '19:58:38', 'รอดำเนินการ', '840', 'mayojin', ''),
(00083, '2022-11-19', '20:34:17', 'รอดำเนินการ', '939', 'mayojin', ''),
(00084, '2022-11-19', '20:36:21', 'รอดำเนินการ', '1132', 'mayojin', ''),
(00085, '2022-11-19', '20:38:16', 'รอดำเนินการ', '299', 'mayojin', ''),
(00086, '2022-11-19', '20:39:29', 'รอดำเนินการ', '194', 'cream', ''),
(00087, '2022-11-19', '20:49:38', 'รอดำเนินการ', '210', 'mayojin', ''),
(00088, '2022-11-19', '20:49:51', 'สำเร็จ', '1193', 'cream', 'yu0o67.jpeg'),
(00093, '2022-11-20', '20:47:45', 'รอดำเนินการ', '4503', 'mayojin', ''),
(00094, '2022-11-22', '12:30:08', 'สำเร็จ', '3385', 'mayojin', 'ojr795suhe.jpeg'),
(00095, '2022-11-22', '12:39:01', 'สำเร็จ', '194', 'mayojin', '3y6jeh7jt.jpeg'),
(00096, '2022-11-22', '13:01:26', 'สำเร็จ', '967', 'mayojin', '3y6jeh7jt.jpeg'),
(00097, '2022-11-22', '16:11:04', 'รอดำเนินการ', '650', 'mayojin', ''),
(00098, '2022-11-22', '16:58:02', 'สำเร็จ', '825', 'sunchince', 't87kg5.jpeg'),
(00099, '2022-11-23', '11:42:47', 'สำเร็จ', '1475', 'mayojin', '8yog.jpeg'),
(00100, '2022-11-23', '13:26:48', 'รอดำเนินการ', '1099', 'mayojin', '');

-- --------------------------------------------------------

--
-- Table structure for table `ordering`
--

CREATE TABLE `ordering` (
  `เลขออเดอร์` int(5) UNSIGNED ZEROFILL NOT NULL,
  `รหัสสินค้า` varchar(20) CHARACTER SET utf8mb4 NOT NULL,
  `จำนวน` int(11) NOT NULL
) ENGINE=InnoDB DEFAULT CHARSET=utf8;

--
-- Dumping data for table `ordering`
--

INSERT INTO `ordering` (`เลขออเดอร์`, `รหัสสินค้า`, `จำนวน`) VALUES
(00001, '001', 2),
(00002, '002', 5),
(00003, '003', 4),
(00004, '003', 1),
(00046, '004', 2),
(00049, '023', 1),
(00050, '023', 1),
(00051, '001', 1),
(00052, '004', 2),
(00053, '001', 1),
(00054, '001', 2),
(00055, '001', 2),
(00056, '004', 3),
(00057, '004', 3),
(00058, '004', 1),
(00069, '014', 1),
(00070, '010', 2),
(00071, '024', 2),
(00072, '008', 2),
(00073, '005', 1),
(00073, '012', 2),
(00073, '016', 1),
(00074, '026', 1),
(00075, '016', 1),
(00075, '024', 2),
(00076, '001', 2),
(00077, '024', 1),
(00078, '007', 1),
(00079, '023', 1),
(00080, '024', 1),
(00081, '003', 1),
(00081, '004', 1),
(00082, '001', 1),
(00082, '004', 1),
(00083, '001', 1),
(00083, '003', 1),
(00083, '004', 1),
(00084, '004', 1),
(00084, '014', 1),
(00085, '001', 1),
(00085, '015', 1),
(00086, '018', 1),
(00087, '023', 1),
(00088, '018', 1),
(00088, '020', 1),
(00089, '002', 1),
(00089, '005', 1),
(00089, '011', 1),
(00090, '005', 2),
(00090, '009', 1),
(00090, '017', 1),
(00091, '002', 1),
(00091, '008', 1),
(00092, '007', 1),
(00092, '025', 1),
(00093, '003', 1),
(00093, '004', 2),
(00093, '019', 3),
(00094, '007', 2),
(00094, '017', 1),
(00095, '018', 1),
(00096, '007', 3),
(00096, '014', 1),
(00097, '025', 1),
(00098, '007', 1),
(00098, '025', 1),
(00099, '007', 1),
(00099, '025', 2),
(00100, '003', 1),
(00100, '023', 2);

-- --------------------------------------------------------

--
-- Table structure for table `product`
--

CREATE TABLE `product` (
  `รหัสสินค้า` varchar(50) NOT NULL,
  `ชื่อสินค้า` varchar(50) NOT NULL,
  `ราคาสินค้า` int(11) NOT NULL,
  `จำนวนสินค้า` int(11) NOT NULL,
  `รายละเอียดสินค้า` varchar(100) NOT NULL,
  `รหัสพนักงาน` varchar(50) NOT NULL,
  `รหัสประเภทสินค้า` varchar(50) NOT NULL,
  `img` varchar(50) NOT NULL
) ENGINE=InnoDB DEFAULT CHARSET=utf8mb4;

--
-- Dumping data for table `product`
--

INSERT INTO `product` (`รหัสสินค้า`, `ชื่อสินค้า`, `ราคาสินค้า`, `จำนวนสินค้า`, `รายละเอียดสินค้า`, `รหัสพนักงาน`, `รหัสประเภทสินค้า`, `img`) VALUES
('', 'lips paris', 200, 10, 'สีแดง', 'ST101', 'LP', 'pro_637dabdb73c11.jpg'),
('002', 'lilybyred tint', 250, 48, 'สีแดงอมส้ม', 'ST102', 'LP', 'pro_63558d4f0cbf6.jpg'),
('003', 'oh my eyes shimer', 99, 89, 'ม่วง  เนื้อชิมเมอร์', 'ST103', 'BL', 'pro_635595c96472a.jpg'),
('004', 'SK-II Skinpower Cream 15g', 690, 107, 'มอบความชุ่มชื้นเข้มข้น เพื่อผิวกระชับ ', 'ST104', 'SK', 'pro_635596425f14a.jpg'),
('005', 'Origins Dr.Andrew Weil For Origins Mega-Mushroom', 1290, 43, 'ปลอบโยนผิวให้ชุ่มฉ่ำสุขภาพดีด้วยทรีทเมนท์โลชั่น', 'ST104', 'SK', 'pro_63559673862dd.jpg'),
('007', 'CE-VELVET LIP TINT', 175, 80, 'สี #LikeGentle', 'ST102', 'LP', 'pro_635596bd98e8b.jpg'),
('008', 'Amuse Dew Velvet', 165, 131, 'เนื้อเวลเวท', 'ST103', 'LP', 'pro_635596e2450f6.jpg'),
('009', 'Dior Lip Maximizer Collagen Activ', 210, 27, '#028', 'ST101', 'LP', 'pro_635597337be0d.jpg'),
('011', 'ANUA Heartleaf 77% Soothing Toner', 520, 33, 'with extracts of heart leaf to 77% Light texture', 'ST102', 'SK', 'pro_6355977a3a365.jpg'),
('012', 'Sulwhasoo First Care Activating Serum', 3120, 19, 'ลดเลือนริ้วรอยที่จำเป็นอย่างยิ่ง', 'ST104', 'SK', 'pro_635597ac015c0.jpg'),
('013', 'SK-II Facial Treatment Essence', 2390, 111, 'ส่วนประกอบจาก Pitera มากกว่า 90% ปรับสมดุลผิว', 'ST101', 'SK', 'pro_635597d1836db.jpg'),
('014', 'Browit Highlight and Contour Pro Palette', 442, 208, 'เนรมิตใบหน้าให้สวยชัดทุกองศาด้วยพาเลทที่รวมไฮไล', 'ST102', 'BL', 'pro_635597fbc0444.jpg'),
('015', 'ODBO Lovely Pantone Blusher OD197-02', 149, 220, 'พาเลทเลิฟๆ สุดลิมิเต็ด ที่รวมบลัชออน 4 เฉดสี', 'ST103', 'BL', 'pro_6355982a45621.jpg'),
('016', 'Baby Bright Bronze Brown Contour Palette 4g x 3', 159, 87, 'เนื้อประกายชิมเมอร์', 'ST104', 'BL', 'pro_6355985279261.jpg'),
('017', 'Charlotte Tilbury Nudegasm Face Palette', 3035, 43, 'เพิ่มมิติ แสง เงา ให้ผิวฉ่ำวาวเปล่งประกายถึงขีดสุด', 'ST101', 'BL', 'pro_63559872cac86.jpg'),
('018', 'Cute Press Nonstop Beauty Ombre Blush 5g', 194, 296, 'ผิวดูโกลว์ ด้วยบลัชออนที่ผสานสองเฉดสี', 'ST102', 'BO', 'pro_6355989b02369.jpg'),
('019', 'MAC Powder Blush 6g #Melba', 1008, -1, 'แต่งแต้มพวงแก้มให้สวยสุขภาพดี', 'ST103', 'BO', 'pro_635598c731935.jpg'),
('020', 'NARS Air Matte Blush 6g #Orgasm', 999, 55, 'เติมเต็มสีสันบนพวงแก้มให้ดูสวยกว่าที่เคย', 'ST104', 'BO', 'pro_635598e8868dd.jpg'),
('021', 'Hourglass Ambient Lighting Blush 4.2g', 1620, 104, 'ผสานสีสันที่สวยเด่นคมชัดและแป้งที่ช่วยให้ผิวดูนวล', 'ST101', 'BO', 'pro_6355991ebf7a5.jpg'),
('022', 'ODBO Professional Three Color Blush 10.5g OD183 #0', 89, 111, 'บลัชออนเนื้อฝุ่นสัมผัสนุ่ม 3 เฉดสี ', 'ST102', 'BO', 'pro_6355994b15307.jpg'),
('023', 'Merrez\'ca Excellent Covering Skin Setting Pressed ', 500, 132, 'เนื้อแป้งเนียนละเอียด ปกปิดได้ดีเยี่ยม กันน้ำ', 'ST103', 'TN', 'pro_6355996ec8ee8.jpg'),
('024', 'NARS Light Reflecting Pressed Setting Powder 10g #', 1290, 83, 'ล็อคเมคอัพให้เป๊ะปัง ด้วยแป้งอัดแข็งเนื้อบางเบา', 'ST104', 'TN', 'pro_6355998f674a0.jpg'),
('025', 'Laura Mercier Translucent Loose Setting Powder 9.3', 650, 27, 'อณูละเอียดเนียนนุ่มดุจใยไหม เกลี่ยง่ายทุกสัมผัส', 'ST101', 'TN', 'pro_635599b10223d.jpg'),
('026', 'แป้งเจ้านาง Perfect Bright UV 2 Way Powder Foundat', 370, 84, 'แป้งผสมรองพื้นสูตรพิเศษ เน้นการปกปิด เกลี่ยง่าย', 'ST102', 'TN', 'pro_635599d13f9db.jpg');

-- --------------------------------------------------------

--
-- Table structure for table `send`
--

CREATE TABLE `send` (
  `เลขการจัดส่ง` varchar(20) CHARACTER SET utf8mb4 NOT NULL,
  `บริษัทจัดส่ง` varchar(20) CHARACTER SET utf8mb4 NOT NULL,
  `สถานะ` varchar(20) CHARACTER SET utf8mb4 NOT NULL,
  `เลขออเดอร์` int(5) UNSIGNED ZEROFILL NOT NULL
) ENGINE=InnoDB DEFAULT CHARSET=utf8;

--
-- Dumping data for table `send`
--

INSERT INTO `send` (`เลขการจัดส่ง`, `บริษัทจัดส่ง`, `สถานะ`, `เลขออเดอร์`) VALUES
('SNR01', 'J&T express', 'จัดส่งสำเร็จ', 00001),
('SNR010', 'Kerry express', 'เตรียมสินค้า', 00095),
('SNR011', 'HDL express express', 'เตรียมสินค้า', 00096),
('SNR012', 'J&T expess', 'เตรียมสินค้า', 00098),
('SNR013', 'Flash express', 'จัดส่งสำเร็จ', 00099),
('SNR02', 'ninja cat', 'จัดส่งสำเร็จ', 00003),
('SNR03', 'HDL express', 'จัดส่งสำเร็จ', 00004),
('SNR04', 'Keery express', 'จัดส่งสำเร็จ', 00058),
('SNR05', 'flash express', 'อยู่ระหว่างการจัดส่ง', 00069),
('SNR06', 'Thailand post', 'อยู่ระหว่างการจัดส่ง', 00072),
('SNR07', 'Thailand post', 'เตรียมสินค้า', 00075),
('SNR08', 'HDL express express', 'อยู่ระหว่างการจัดส่ง', 00088),
('SNR09', 'thailand post', 'เตรียมสินค้า', 00094);

-- --------------------------------------------------------

--
-- Table structure for table `staff`
--

CREATE TABLE `staff` (
  `รหัสพนักงาน` varchar(20) CHARACTER SET utf8mb4 NOT NULL,
  `ชื่อ-นามสกุล` varchar(100) CHARACTER SET utf8mb4 NOT NULL,
  `เบอร์` varchar(20) CHARACTER SET utf8mb4 NOT NULL,
  `อีเมล` varchar(30) CHARACTER SET utf8mb4 NOT NULL
) ENGINE=InnoDB DEFAULT CHARSET=utf8;

--
-- Dumping data for table `staff`
--

INSERT INTO `staff` (`รหัสพนักงาน`, `ชื่อ-นามสกุล`, `เบอร์`, `อีเมล`) VALUES
('ST101', 'ทำดี ได้มาก', '080-123-6548', 'Tumdee11@gmail.com'),
('ST102', 'สวัสดี วันจันทร์', '081-123-7777', 'Monday55@gmail.com'),
('ST103', 'มีเงิน มั่งคั่ง', '082-123-9876', 'MeeNgern_naja@gmail.com'),
('ST104', 'สมศรี มีมานะ', '083-123-2643', 'Somsri_M@hotmail.com');

--
-- Indexes for dumped tables
--

--
-- Indexes for table `account`
--
ALTER TABLE `account`
  ADD PRIMARY KEY (`username`),
  ADD KEY `รหัสลูกค้า` (`รหัสลูกค้า`);

--
-- Indexes for table `account_employee`
--
ALTER TABLE `account_employee`
  ADD PRIMARY KEY (`username_emp`,`รหัสพนักงาน`);

--
-- Indexes for table `category`
--
ALTER TABLE `category`
  ADD PRIMARY KEY (`รหัสประเภทสินค้า`);

--
-- Indexes for table `customer`
--
ALTER TABLE `customer`
  ADD PRIMARY KEY (`รหัสลูกค้า`);

--
-- Indexes for table `deliverycompany`
--
ALTER TABLE `deliverycompany`
  ADD PRIMARY KEY (`รหัสบริษัท`);

--
-- Indexes for table `order`
--
ALTER TABLE `order`
  ADD PRIMARY KEY (`เลขออเดอร์`);

--
-- Indexes for table `ordering`
--
ALTER TABLE `ordering`
  ADD PRIMARY KEY (`เลขออเดอร์`,`รหัสสินค้า`);

--
-- Indexes for table `product`
--
ALTER TABLE `product`
  ADD PRIMARY KEY (`รหัสสินค้า`);

--
-- Indexes for table `send`
--
ALTER TABLE `send`
  ADD PRIMARY KEY (`เลขการจัดส่ง`);

--
-- Indexes for table `staff`
--
ALTER TABLE `staff`
  ADD PRIMARY KEY (`รหัสพนักงาน`);

--
-- AUTO_INCREMENT for dumped tables
--

--
-- AUTO_INCREMENT for table `order`
--
ALTER TABLE `order`
  MODIFY `เลขออเดอร์` int(5) UNSIGNED ZEROFILL NOT NULL AUTO_INCREMENT, AUTO_INCREMENT=101;

--
-- Constraints for dumped tables
--

--
-- Constraints for table `account`
--
ALTER TABLE `account`
  ADD CONSTRAINT `account_ibfk_1` FOREIGN KEY (`รหัสลูกค้า`) REFERENCES `customer` (`รหัสลูกค้า`);
COMMIT;

/*!40101 SET CHARACTER_SET_CLIENT=@OLD_CHARACTER_SET_CLIENT */;
/*!40101 SET CHARACTER_SET_RESULTS=@OLD_CHARACTER_SET_RESULTS */;
/*!40101 SET COLLATION_CONNECTION=@OLD_COLLATION_CONNECTION */;
